city_id,provider,provider_id,provider_name,match_type,alias_rationale
alb-tirana,urbclim,alb-tirana,Tirana,exact_normalized_name,
are-dubai,urbclim,are-dubai,Dubai,exact_normalized_name,
arg-buenos_aires,urbclim,arg-buenos_aires,Buenos Aires,exact_normalized_name,
aus-melbourne,urbclim,aus-melbourne,Melbourne,exact_normalized_name,
aus-sydney,urbclim,aus-sydney,Sydney,exact_normalized_name,
aut-graz,urbclim,aut-graz,Graz,exact_normalized_name,
aut-vienna,urbclim,aut-vienna,Vienna,exact_normalized_name,
bel-antwerp,urbclim,bel-antwerp,Antwerp,exact_normalized_name,
bel-brussels,urbclim,bel-brussels,Brussels,exact_normalized_name,
bel-charleroi,urbclim,bel-charleroi,Charleroi,exact_normalized_name,
bel-ghent,urbclim,bel-ghent,Ghent,exact_normalized_name,
bel-liege,urbclim,bel-liege,Liege,exact_normalized_name,
bgd-dhaka,urbclim,bgd-dhaka,Dhaka,exact_normalized_name,
bgr-sofia,urbclim,bgr-sofia,Sofia,exact_normalized_name,
bgr-varna,urbclim,bgr-varna,Varna,exact_normalized_name,
bih-sarajevo,urbclim,bih-sarajevo,Sarajevo,exact_normalized_name,
bra-curitiba,urbclim,bra-curitiba,Curitiba,exact_normalized_name,
bra-salvador,urbclim,bra-salvador,Salvador,exact_normalized_name,
can-toronto,urbclim,can-toronto,Toronto,exact_normalized_name,
che-basel,urbclim,che-basel,Basel,exact_normalized_name,
che-geneva,urbclim,che-geneva,Geneva,exact_normalized_name,
che-zurich,urbclim,che-zurich,Zurich,exact_normalized_name,
chl-santiago,urbclim,chl-santiago,Santiago,exact_normalized_name,
chn-hong_kong,urbclim,chn-hong_kong,Hong Kong,exact_normalized_name,
chn-nanjing,urbclim,chn-nanjing,Nanjing,exact_normalized_name,
col-bogota,urbclim,col-bogota,Bogota,exact_normalized_name,
cze-prague,urbclim,cze-prague,Prague,exact_normalized_name,
deu-berlin,urbclim,deu-berlin,Berlin,exact_normalized_name,
deu-cologne,urbclim,deu-cologne,Cologne,exact_normalized_name,
deu-dusseldorf,urbclim,deu-dusseldorf,Dusseldorf,exact_normalized_name,
deu-frankfurt_am_main,urbclim,deu-frankfurt_am_main,Frankfurt am Main,reviewed_exact_alias,qualified city name
deu-hamburg,urbclim,deu-hamburg,Hamburg,exact_normalized_name,
deu-leipzig,urbclim,deu-leipzig,Leipzig,exact_normalized_name,
deu-munich,urbclim,deu-munich,Munich,exact_normalized_name,
dnk-copenhagen,urbclim,dnk-copenhagen,Copenhagen,exact_normalized_name,
egy-cairo,urbclim,egy-cairo,Cairo,exact_normalized_name,
esp-alicante,urbclim,esp-alicante,Alicante,exact_normalized_name,
esp-barcelona,urbclim,esp-barcelona,Barcelona,exact_normalized_name,
esp-bilbao,urbclim,esp-bilbao,Bilbao,exact_normalized_name,
esp-madrid,urbclim,esp-madrid,Madrid,exact_normalized_name,
esp-malaga,urbclim,esp-malaga,Malaga,exact_normalized_name,
esp-murcia,urbclim,esp-murcia,Murcia,exact_normalized_name,
esp-palma_de_mallorca,urbclim,esp-palma_de_mallorca,Palma de Mallorca,exact_normalized_name,
esp-sevilla,urbclim,esp-sevilla,Sevilla,reviewed_exact_alias,Spanish/English exonym
esp-valencia,urbclim,esp-valencia,Valencia,exact_normalized_name,
est-tallinn,urbclim,est-tallinn,Tallinn,exact_normalized_name,
est-tartu,urbclim,est-tartu,Tartu,exact_normalized_name,
eth-addis_abeba,urbclim,eth-addis_abeba,Addis Abeba,reviewed_exact_alias,provider spelling variant
fin-helsinki,urbclim,fin-helsinki,Helsinki,exact_normalized_name,
fra-bordeaux,urbclim,fra-bordeaux,Bordeaux,exact_normalized_name,
fra-lille,urbclim,fra-lille,Lille,exact_normalized_name,
fra-lyon,urbclim,fra-lyon,Lyon,exact_normalized_name,
fra-marseille,urbclim,fra-marseille,Marseille,exact_normalized_name,
fra-montpellier,urbclim,fra-montpellier,Montpellier,exact_normalized_name,
fra-nantes,urbclim,fra-nantes,Nantes,exact_normalized_name,
fra-nice,urbclim,fra-nice,Nice,exact_normalized_name,
fra-paris,urbclim,fra-paris,Paris,exact_normalized_name,
fra-strasbourg,urbclim,fra-strasbourg,Strasbourg,exact_normalized_name,
fra-toulouse,urbclim,fra-toulouse,Toulouse,exact_normalized_name,
gbr-birmingham,urbclim,gbr-birmingham,Birmingham,exact_normalized_name,
gbr-edinburgh,urbclim,gbr-edinburgh,Edinburgh,exact_normalized_name,
gbr-glasgow,urbclim,gbr-glasgow,Glasgow,exact_normalized_name,
gbr-leeds,urbclim,gbr-leeds,Leeds,exact_normalized_name,
gbr-london,urbclim,gbr-london,London,exact_normalized_name,
gbr-newcastle,urbclim,gbr-newcastle,Newcastle,reviewed_exact_alias,qualified city name
gha-accra,urbclim,gha-accra,Accra,exact_normalized_name,
grc-athens,urbclim,grc-athens,Athens,exact_normalized_name,
grc-thessaloniki,urbclim,grc-thessaloniki,Thessaloniki,exact_normalized_name,
hrv-split,urbclim,hrv-split,Split,exact_normalized_name,
hrv-zagreb,urbclim,hrv-zagreb,Zagreb,exact_normalized_name,
hun-budapest,urbclim,hun-budapest,Budapest,exact_normalized_name,
hun-debrecen,urbclim,hun-debrecen,Debrecen,exact_normalized_name,
hun-gyor,urbclim,hun-gyor,Gyor,exact_normalized_name,
hun-miskolc,urbclim,hun-miskolc,Miskolc,exact_normalized_name,
hun-pecs,urbclim,hun-pecs,Pecs,exact_normalized_name,
hun-szeged,urbclim,hun-szeged,Szeged,exact_normalized_name,
idn-jakarta,urbclim,idn-jakarta,Jakarta,exact_normalized_name,
ind-chennai,urbclim,ind-chennai,Chennai,exact_normalized_name,
irl-dublin,urbclim,irl-dublin,Dublin,exact_normalized_name,
irn-teheran,urbclim,irn-teheran,Teheran,reviewed_exact_alias,provider transliteration variant
isl-reykjavik,urbclim,isl-reykjavik,Reykjavik,exact_normalized_name,
ita-bari,urbclim,ita-bari,Bari,exact_normalized_name,
ita-bologna,urbclim,ita-bologna,Bologna,exact_normalized_name,
ita-genoa,urbclim,ita-genoa,Genoa,exact_normalized_name,
ita-milan,urbclim,ita-milan,Milan,exact_normalized_name,
ita-naples,urbclim,ita-naples,Naples,exact_normalized_name,
ita-padua,urbclim,ita-padua,Padua,exact_normalized_name,
ita-palermo,urbclim,ita-palermo,Palermo,exact_normalized_name,
ita-rome,urbclim,ita-rome,Rome,exact_normalized_name,
ita-trieste,urbclim,ita-trieste,Trieste,exact_normalized_name,
ita-turin,urbclim,ita-turin,Turin,exact_normalized_name,
jor-amman,urbclim,jor-amman,Amman,exact_normalized_name,
jpn-tokyo,urbclim,jpn-tokyo,Tokyo,exact_normalized_name,
ken-nairobi,urbclim,ken-nairobi,Nairobi,exact_normalized_name,
ltu-klaipeda,urbclim,ltu-klaipeda,Klaipeda,exact_normalized_name,
ltu-vilnius,urbclim,ltu-vilnius,Vilnius,exact_normalized_name,
lux-luxembourg,urbclim,lux-luxembourg,Luxembourg,exact_normalized_name,
lva-riga,urbclim,lva-riga,Riga,exact_normalized_name,
mar-marrakesh,urbclim,mar-marrakesh,Marrakesh,exact_normalized_name,
mar-rabat,urbclim,mar-rabat,Rabat,exact_normalized_name,
mex-mexico_city,urbclim,mex-mexico_city,Mexico City,exact_normalized_name,
mkd-skopje,urbclim,mkd-skopje,Skopje,exact_normalized_name,
mne-podgorica,urbclim,mne-podgorica,Podgorica,exact_normalized_name,
nga-lagos,urbclim,nga-lagos,Lagos,exact_normalized_name,
nld-amsterdam,urbclim,nld-amsterdam,Amsterdam,exact_normalized_name,
nld-rotterdam,urbclim,nld-rotterdam,Rotterdam,reviewed_exact_alias,UCDB combined label
nld-utrecht,urbclim,nld-utrecht,Utrecht,exact_normalized_name,
nor-oslo,urbclim,nor-oslo,Oslo,exact_normalized_name,
nzl-auckland,urbclim,nzl-auckland,Auckland,exact_normalized_name,
pak-islamabad,urbclim,pak-islamabad,Islamabad,exact_normalized_name,
pak-karachi,urbclim,pak-karachi,Karachi,exact_normalized_name,
per-lima,urbclim,per-lima,Lima,exact_normalized_name,
pol-gdansk,urbclim,pol-gdansk,Gdansk,exact_normalized_name,
pol-krakow,urbclim,pol-krakow,Krakow,exact_normalized_name,
pol-lodz,urbclim,pol-lodz,Lodz,exact_normalized_name,
pol-warsaw,urbclim,pol-warsaw,Warsaw,exact_normalized_name,
pol-wroclaw,urbclim,pol-wroclaw,Wroclaw,exact_normalized_name,
prt-lisbon,urbclim,prt-lisbon,Lisbon,exact_normalized_name,
prt-porto,urbclim,prt-porto,Porto,exact_normalized_name,
rou-brasov,urbclim,rou-brasov,Brasov,exact_normalized_name,
rou-bucharest,urbclim,rou-bucharest,Bucharest,exact_normalized_name,
rou-cluj_napoca,urbclim,rou-cluj_napoca,Cluj Napoca,exact_normalized_name,
rus-moscow,urbclim,rus-moscow,Moscow,exact_normalized_name,
sau-medina,urbclim,sau-medina,Medina,exact_normalized_name,
sen-dakar,urbclim,sen-dakar,Dakar,exact_normalized_name,
sgp-singapore,urbclim,sgp-singapore,Singapore,exact_normalized_name,
som-mogadishu,urbclim,som-mogadishu,Mogadishu,exact_normalized_name,
srb-belgrado,urbclim,srb-belgrado,Belgrado,reviewed_exact_alias,Spanish/English exonym
srb-novi_sad,urbclim,srb-novi_sad,Novi Sad,exact_normalized_name,
svk-bratislava,urbclim,svk-bratislava,Bratislava,exact_normalized_name,
svk-kosice,urbclim,svk-kosice,Kosice,exact_normalized_name,
svn-ljubljana,urbclim,svn-ljubljana,Ljubljana,exact_normalized_name,
swe-goteborg,urbclim,swe-goteborg,Goteborg,reviewed_exact_alias,Swedish/English exonym
swe-stockholm,urbclim,swe-stockholm,Stockholm,exact_normalized_name,
tur-istanbul,urbclim,tur-istanbul,Istanbul,exact_normalized_name,
usa-houston,urbclim,usa-houston,Houston,exact_normalized_name,
usa-los_angeles,urbclim,usa-los_angeles,Los Angeles,exact_normalized_name,
usa-new_york,urbclim,usa-new_york,New York,reviewed_exact_alias,qualified city name
usa-phoenix,urbclim,usa-phoenix,Phoenix,exact_normalized_name,
vnm-ho_chi_minh,urbclim,vnm-ho_chi_minh,Ho Chi Minh,reviewed_exact_alias,qualified city name
zaf-cape_town,urbclim,zaf-cape_town,Cape Town,exact_normalized_name,
zaf-tschwane,urbclim,zaf-tschwane,Tschwane,reviewed_exact_alias,municipality/core-city naming
