city_id,ucdb_id
alb-tirana,714
are-dubai,1007
arg-buenos_aires,4443
aus-melbourne,1747
aus-sydney,2324
aut-graz,961
aut-vienna,1081
bel-antwerp,1069
bel-brussels,1290
bel-charleroi,1393
bel-ghent,689
bel-liege,1778
bgd-dhaka,6090
bgr-sofia,109
bgr-varna,856
bih-sarajevo,426
bra-curitiba,6350
bra-salvador,8238
can-toronto,2869
che-basel,1073
che-geneva,69
che-zurich,1689
chl-santiago,2334
chn-hong_kong,11185
chn-nanjing,10887
col-bogota,3881
cze-prague,560
deu-berlin,5483
deu-cologne,1186
deu-dusseldorf,826
deu-frankfurt_am_main,3400
deu-hamburg,4184
deu-leipzig,5304
deu-munich,5249
dnk-copenhagen,698
egy-cairo,4605
esp-alicante,4485
esp-barcelona,5071
esp-bilbao,3974
esp-madrid,3338
esp-malaga,3115
esp-murcia,4257
esp-palma_de_mallorca,5161
esp-sevilla,2024
esp-valencia,4522
est-tallinn,99
est-tartu,282
eth-addis_abeba,5862
fin-helsinki,572
fra-bordeaux,1285
fra-lille,3449
fra-lyon,3978
fra-marseille,4182
fra-montpellier,3801
fra-nantes,818
fra-nice,4746
fra-paris,2878
fra-strasbourg,4782
fra-toulouse,2268
gbr-birmingham,3888
gbr-edinburgh,2186
gbr-glasgow,683
gbr-leeds,4332
gbr-london,5816
gbr-newcastle,4446
gha-accra,3175
grc-athens,854
grc-thessaloniki,585
hrv-split,567
hrv-zagreb,419
hun-budapest,964
hun-debrecen,1603
hun-gyor,422
hun-miskolc,1406
hun-pecs,708
hun-szeged,1303
idn-jakarta,5472
ind-chennai,10300
irl-dublin,394
irn-teheran,5174
isl-reykjavik,48
ita-bari,5194
ita-bologna,3065
ita-genoa,1074
ita-milan,1498
ita-naples,4490
ita-padua,3347
ita-palermo,4376
ita-rome,3938
ita-trieste,4300
ita-turin,70
jor-amman,992
jpn-tokyo,5929
ken-nairobi,1717
ltu-klaipeda,95
ltu-vilnius,578
lux-luxembourg,68
lva-riga,102
mar-marrakesh,1853
mar-rabat,2747
mex-mexico_city,5402
mkd-skopje,436
mne-podgorica,272
nga-lagos,1289
nld-amsterdam,1590
nld-rotterdam,244
nld-utrecht,1951
nor-oslo,828
nzl-auckland,1147
pak-islamabad,6766
pak-karachi,2457
per-lima,2171
pol-gdansk,2198
pol-krakow,3662
pol-lodz,3183
pol-warsaw,3712
pol-wroclaw,1599
prt-lisbon,231
prt-porto,1058
rou-brasov,1878
rou-bucharest,2359
rou-cluj_napoca,972
rus-moscow,2576
sau-medina,749
sen-dakar,39
sgp-singapore,178
som-mogadishu,2967
srb-belgrado,573
srb-novi_sad,271
svk-bratislava,89
svk-kosice,967
svn-ljubljana,82
swe-goteborg,75
swe-stockholm,1693
tur-istanbul,2637
usa-houston,6167
usa-los_angeles,2007
usa-new_york,8099
usa-phoenix,4699
vnm-ho_chi_minh,5239
zaf-cape_town,431
zaf-tschwane,3943
